1|BK_VP2,BK
2|BK_VP2,BK
3|BK_VP2,BK
4|BK_VP2,BK
5|BK_VP2,BK
6|BK_VP2,BK
7|BK_VP2,BK
8|BK_VP2,BK
9|BK_VP2,BK
10|BK_VP2,BK
11|BK_VP2,BK
12|BK_VP2,BK
13|BK_VP2,BK
14|BK_VP2,BK
15|BK_VP2,BK
16|BK_VP2,BK
17|BK_VP2,BK
18|BK_VP2,BK
19|BK_VP2,BK
20|BK_VP2,BK
21|BK_VP2,BK
22|BK_VP2,BK
23|BK_VP2,BK
24|BK_VP2,BK
25|BK_VP2,BK
1|HP6_VP2,HP6
2|HP6_VP2,HP6
3|HP6_VP2,HP6
4|HP6_VP2,HP6
5|HP6_VP2,HP6
6|HP6_VP2,HP6
7|HP6_VP2,HP6
1|HP7_VP2,HP7
2|HP7_VP2,HP7
3|HP7_VP2,HP7
4|HP7_VP2,HP7
5|HP7_VP2,HP7
6|HP7_VP2,HP7
7|HP7_VP2,HP7
1|HP9_VP2,HP9
2|HP9_VP2,HP9
1|HP10_VP2,HP10
1|HP12_VP2,HP12
2|HP12_VP2,HP12
1|JC_VP2,JC
2|JC_VP2,JC
3|JC_VP2,JC
4|JC_VP2,JC
5|JC_VP2,JC
6|JC_VP2,JC
7|JC_VP2,JC
8|JC_VP2,JC
9|JC_VP2,JC
10|JC_VP2,JC
11|JC_VP2,JC
12|JC_VP2,JC
13|JC_VP2,JC
14|JC_VP2,JC
15|JC_VP2,JC
16|JC_VP2,JC
17|JC_VP2,JC
18|JC_VP2,JC
19|JC_VP2,JC
20|JC_VP2,JC
1|MW_VP2,MW
2|MW_VP2,MW
3|MW_VP2,MW
4|MW_VP2,MW
5|MW_VP2,MW
6|MW_VP2,MW
7|MW_VP2,MW
8|MW_VP2,MW
9|MW_VP2,MW
10|MW_VP2,MW
11|MW_VP2,MW
12|MW_VP2,MW
13|MW_VP2,MW
14|MW_VP2,MW
15|MW_VP2,MW
16|MW_VP2,MW
17|MW_VP2,MW
18|MW_VP2,MW
19|MW_VP2,MW
1|MX_VP2,MX
1|STL_VP2,STL
2|STL_VP2,STL
3|STL_VP2,STL
4|STL_VP2,STL
5|STL_VP2,STL
6|STL_VP2,STL
KIS60NPA|KI_VP2,KI
KIVB003NPA|KI_VP2,KI
KIVB002NPA|KI_VP2,KI
KIVB001NPA|KI_VP2,KI
KIVS380NPA|KI_VP2,KI
KIVS350NPA|KI_VP2,KI
KIVCU255NPA|KI_VP2,KI
KIVCU258NPA|KI_VP2,KI
MCC339MCC|MC_VP2,MC
MCC350MCC|MC_VP2,MC
WUV1STOOL|WU_VP2,WU
WUV2STOOL|WU_VP2,WU
WUV3STOOL|WU_VP2,WU
WUW0307NPA|WU_VP2,WU
WUW0207NPA|WU_VP2,WU
WUW0107NPA|WU_VP2,WU
WUW0106NPA|WU_VP2,WU
WUW0103NPA|WU_VP2,WU
WUCU302NPA|WU_VP2,WU
WUVCU295NPA|WU_VP2,WU
BJF5333NPA|WU_VP2,WU
BJF5331NPA|WU_VP2,WU
BJF5322NPA|WU_VP2,WU
BJF5282NPA|WU_VP2,WU
BJF5276NPA|WU_VP2,WU
WUVCLFFNPA|WU_VP2,WU
WUVS5NPA|WU_VP2,WU
WUVS4NPA|WU_VP2,WU
WUVS3NPA|WU_VP2,WU
WUVS2NPA|WU_VP2,WU
WUVS1NPA|WU_VP2,WU
WUVB0NPA|WU_VP2,WU
KURDISTOOL|WU_VP2,WU
